{
	"mood": {
		"Agitated": {
			"-LUNbQj167n8T3dayWN6": {
				"image": "/images/AmericanPsycho.jpg",
				"name": "American Psycho"
			},
			"-LUNdG-rPilt5aoNuIaZ": {
				"image": "/images/theOtherGuys.jpg",
				"name": "The Other Guys"
			},
			"-LUNdppljMKaNz6vUHkX": {
				"image": "/images/shutterIsland.jpg",
				"name": "Shutter Island"
			},
			"-LUNdvKG7fLYOQ60X4x4": {
				"image": "/images/Wanted.jpg",
				"name": "Wanted"
			}
		},
		"Calm": {
			"-LUOBXlF0jqiv0504qk0": {
				"image": "/images/ShawshankRedemption.jpg",
				"name": "Shawshank Redemption"
			},
			"-LUOBbi-DKZmSltAKq3G": {
				"image": "/images/goodWillHunting.jpg",
				"name": "Good Will Hunting"
			},
			"-LUOBdnWqEnHNdT3KtG5": {
				"image": "/images/Inception.jpg",
				"name": "The Inception"
			},
			"-LUOBfD0KLSzrxQb_5zi": {
				"image": "/images/AvengersInfinityWar.jpg",
				"name": "The Avengers Infinity War"
			},
			"-LUOBgoP0vqBTqnU4Y2C": {
				"image": "/images/Gatsby.jpg",
				"name": "The Great Gatsby"
			},
			"-LUOBmgQ7uKRA77Owrxb": {
				"image": "/images/goodWillHunting.jpg",
				"name": "Good Will Hunting"
			}
		},
		"Fearless": {
			"-LUOncrFabxgUSbFo3hz": {
				"image": "/images/goodWillHunting.jpg",
				"name": "Good Will Hunting"
			}
		},
		"Happy": {
			"-LUOC1Yr-tLWi_DPmZwE": {
				"image": "/images/goodWillHunting.jpg",
				"name": "Good Will Hunting"
			},
			"-LUOC2WGElBBtUvEYXlD": {
				"image": "/images/goodWillHunting.jpg",
				"name": "Good Will Hunting"
			},
			"-LUOC3gV32moeVJKANuE": {
				"image": "/images/goodWillHunting.jpg",
				"name": "Good Will Hunting"
			},
			"-LUOC4jhPoiAKDUmR0Ul": {
				"image": "/images/goodWillHunting.jpg",
				"name": "Good Will Hunting"
			}
		},
		"Sad": {
			"-LUOR3YNvSV1-iKkiBKx": {
				"image": "/images/theFaultInOurStars.jpg",
				"name": "The Fault in our Stars"
			}
		},
		"Tired": {
			"-LUOR3YNvSV1-iKkiBKx": {
				"image": "/images/schoolOfRock.jpg",
				"name": "School of Rock"
			}
		},
		"WideAwake": {
			"-LUOR3YNvSV1-iKkiBKx": {
				"image": "/images/dieHard.jpg",
				"name": "Die Hard"
			}
		},
		"Scared": {
			"-LUOBqlE-emcizVW9riJ": {
				"image": "/images/sawVIII.jpg",
				"name": "Saw VIII"
			},
			"-LUOBrq4pNRLwO_-Hqzw": {
				"image": "/images/sawVIII.jpg",
				"name": "Saw VIII"
			},
			"-LUOBw9thghdYOd5l0nb": {
				"image": "/images/sawVIII.jpg",
				"name": "Saw VIII"
			},
			"-LUOBygSDxYu_KolVUkQ": {
				"image": "/images/sawVIII.jpg",
				"name": "Saw VIII"
			},
			"-LUOBzOHziHkb15dn6xr": {
				"image": "/images/sawVIII.jpg",
				"name": "Saw VIII"
			}
		}
	}
}
